{
  "analysis": "administration_route_sex_bias",
  "wave": 66,
  "kg_version": "v5.2",
  "timestamp": "2026-03-05T19:31:54.358248",
  "novelty": "Drug administration route affects sex-differential AE patterns",
  "summary": {
    "drugs_analyzed": 1058,
    "routes_with_data": 3
  },
  "route_stats": [
    {
      "route_std": "Other",
      "n_drugs": 855,
      "mean_pctf": 49.08003673515935,
      "std_pctf": 24.939287243083225,
      "mean_abs_lr": 0.9755789779557593
    },
    {
      "route_std": "Oral",
      "n_drugs": 150,
      "mean_pctf": 53.279502506169486,
      "std_pctf": 23.215363912310195,
      "mean_abs_lr": 0.8480958610386161
    },
    {
      "route_std": "Subcutaneous",
      "n_drugs": 38,
      "mean_pctf": 38.02334663674214,
      "std_pctf": 23.0464160648466,
      "mean_abs_lr": 0.8658153440807084
    }
  ]
}