{
  "analysis": "top_ae_drug_matrix",
  "wave": 47,
  "kg_version": "v5.2",
  "timestamp": "2026-03-05T18:12:41.349564",
  "novelty": "50\u00d750 drug-AE sex-bias matrix for publication heatmaps",
  "summary": {
    "n_drugs": 50,
    "n_aes": 50,
    "matrix_coverage": 45.8
  },
  "drug_means": {
    "RANITIDINE": 1.8006823592071124,
    "OXYCODONE": 1.5494990082784859,
    "GOLIMUMAB": 1.5165121301726743,
    "SULFAMETHOXAZOLE;TRIMETHOPRIM": 1.4486347448705967,
    "DICLOFENAC": 1.3951438041122721,
    "MYCOPHENOLIC ACID": 1.3125028927252886,
    "METHYLPREDNISOLONE": 1.2938762108649773,
    "RITUXIMAB": 1.2805087223523983,
    "RAMIPRIL": 1.2242205408315618,
    "HYDROXYCHLOROQUINE": 1.2211394861104539,
    "TRAMADOL": 1.2075719756173648,
    "ABATACEPT": 1.1993617760223514,
    "TOCILIZUMAB": 1.1775248283343667,
    "NAPROXEN": 1.1719893595506652,
    "PREDNISONE": 1.1675706938179036,
    "PARACETAMOL": 1.1451582998254726,
    "INFLIXIMAB": 1.0692586672826756,
    "MORPHINE": 1.044640670256963,
    "AZATHIOPRINE": 1.0160544654431496,
    "PANTOPRAZOLE": 1.0099837892517634
  },
  "ae_means": {
    "Confusional state": 1.7816697292396495,
    "General physical health deterioration": 1.6651588132904993,
    "Abdominal discomfort": 1.5515969896477209,
    "Rash": 1.39321010375877,
    "Treatment failure": 1.3818274064841232,
    "Overdose": 1.3679406845195952,
    "Weight increased": 1.36214740320704,
    "Product use issue": 1.2767574215620077,
    "Fatigue": 1.2712699530981715,
    "Hypersensitivity": 1.248767234113246,
    "Decreased appetite": 1.2433096342012557,
    "Pneumonia": 1.2413318625287193,
    "Thrombocytopenia": 1.236378177576862,
    "Urticaria": 1.1575262571555769,
    "Asthma": 1.1284870092145136,
    "Pyrexia": 1.1241223191752425,
    "Arthralgia": 1.0774464520699158,
    "Hypertension": 1.0526025250240143,
    "Insomnia": 1.047333653454227,
    "Pruritus": 1.042969516814023
  }
}