{
  "TNF_inhibitors": {
    "total": 2382,
    "drugs": 4,
    "f": 1071,
    "m": 1311,
    "pct_f": 44.962216624685134,
    "mean_logR": 0.07072144589334227,
    "per_drug": {
      "ADALIMUMAB": {
        "total": 807,
        "f": 308,
        "m": 499,
        "pct_f": 38.166047087980175,
        "mean_logR": -0.12682991942724886
      },
      "ETANERCEPT": {
        "total": 618,
        "f": 263,
        "m": 355,
        "pct_f": 42.55663430420712,
        "mean_logR": -0.06451912483508193
      },
      "GOLIMUMAB": {
        "total": 334,
        "f": 186,
        "m": 148,
        "pct_f": 55.688622754491014,
        "mean_logR": 0.5111256702343474
      },
      "INFLIXIMAB": {
        "total": 623,
        "f": 314,
        "m": 309,
        "pct_f": 50.40128410914928,
        "mean_logR": 0.2246662510201279
      }
    }
  },
  "Anti_CD20": {
    "total": 1032,
    "drugs": 4,
    "f": 603,
    "m": 429,
    "pct_f": 58.43023255813954,
    "mean_logR": 0.3606503653347313,
    "per_drug": {
      "OBINUTUZUMAB": {
        "total": 74,
        "f": 53,
        "m": 21,
        "pct_f": 71.62162162162163,
        "mean_logR": 0.3936646429005776
      },
      "OCRELIZUMAB": {
        "total": 136,
        "f": 39,
        "m": 97,
        "pct_f": 28.676470588235293,
        "mean_logR": -0.31607648224625173
      },
      "OFATUMUMAB": {
        "total": 67,
        "f": 8,
        "m": 59,
        "pct_f": 11.940298507462686,
        "mean_logR": -0.6881456289483717
      },
      "RITUXIMAB": {
        "total": 755,
        "f": 503,
        "m": 252,
        "pct_f": 66.62251655629139,
        "mean_logR": 0.5723869565242797
      }
    }
  },
  "Interleukin_targeted": {
    "total": 2523,
    "drugs": 12,
    "f": 1090,
    "m": 1433,
    "pct_f": 43.20253666270313,
    "mean_logR": 0.03647561388923808,
    "per_drug": {
      "BENRALIZUMAB": {
        "total": 33,
        "f": 11,
        "m": 22,
        "pct_f": 33.33333333333333,
        "mean_logR": -0.2397848987965026
      },
      "DUPILUMAB": {
        "total": 289,
        "f": 49,
        "m": 240,
        "pct_f": 16.955017301038062,
        "mean_logR": -0.5127681732252874
      },
      "GUSELKUMAB": {
        "total": 38,
        "f": 11,
        "m": 27,
        "pct_f": 28.947368421052634,
        "mean_logR": -0.36646910567087904
      },
      "IXEKIZUMAB": {
        "total": 82,
        "f": 14,
        "m": 68,
        "pct_f": 17.073170731707318,
        "mean_logR": -0.530363456379319
      },
      "MEPOLIZUMAB": {
        "total": 254,
        "f": 123,
        "m": 131,
        "pct_f": 48.4251968503937,
        "mean_logR": -0.023564655079198926
      },
      "OMALIZUMAB": {
        "total": 306,
        "f": 85,
        "m": 221,
        "pct_f": 27.77777777777778,
        "mean_logR": -0.38747272381992287
      },
      "RISANKIZUMAB": {
        "total": 137,
        "f": 41,
        "m": 96,
        "pct_f": 29.927007299270077,
        "mean_logR": -0.2802765546459804
      },
      "SARILUMAB": {
        "total": 103,
        "f": 60,
        "m": 43,
        "pct_f": 58.252427184466015,
        "mean_logR": 0.5469138359156112
      },
      "SECUKINUMAB": {
        "total": 456,
        "f": 238,
        "m": 218,
        "pct_f": 52.19298245614035,
        "mean_logR": 0.2756717513575224
      },
      "TILDRAKIZUMAB": {
        "total": 3,
        "f": 3,
        "m": 0,
        "pct_f": 100.0,
        "mean_logR": 0.6009435156600795
      },
      "TOCILIZUMAB": {
        "total": 508,
        "f": 251,
        "m": 257,
        "pct_f": 49.40944881889764,
        "mean_logR": 0.09236443295447855
      },
      "USTEKINUMAB": {
        "total": 314,
        "f": 204,
        "m": 110,
        "pct_f": 64.96815286624204,
        "mean_logR": 0.757114855614193
      }
    }
  },
  "JAK_inhibitors": {
    "total": 676,
    "drugs": 5,
    "f": 312,
    "m": 364,
    "pct_f": 46.15384615384615,
    "mean_logR": -0.029727035486164805,
    "per_drug": {
      "BARICITINIB": {
        "total": 36,
        "f": 9,
        "m": 27,
        "pct_f": 25.0,
        "mean_logR": -0.5246244003805283
      },
      "FILGOTINIB": {
        "total": 1,
        "f": 0,
        "m": 1,
        "pct_f": 0.0,
        "mean_logR": -0.5234296652334756
      },
      "RUXOLITINIB": {
        "total": 127,
        "f": 89,
        "m": 38,
        "pct_f": 70.07874015748031,
        "mean_logR": 0.33844295082276454
      },
      "TOFACITINIB": {
        "total": 331,
        "f": 170,
        "m": 161,
        "pct_f": 51.3595166163142,
        "mean_logR": 0.09615473341745857
      },
      "UPADACITINIB": {
        "total": 181,
        "f": 44,
        "m": 137,
        "pct_f": 24.30939226519337,
        "mean_logR": -0.41709966533361764
      }
    }
  },
  "Conventional_DMARDs": {
    "total": 3692,
    "drugs": 9,
    "f": 2139,
    "m": 1553,
    "pct_f": 57.936078006500544,
    "mean_logR": 0.17793091515758597,
    "per_drug": {
      "AZATHIOPRINE": {
        "total": 337,
        "f": 200,
        "m": 137,
        "pct_f": 59.34718100890207,
        "mean_logR": 0.32691483140566446
      },
      "CYCLOPHOSPHAMIDE": {
        "total": 498,
        "f": 322,
        "m": 176,
        "pct_f": 64.65863453815261,
        "mean_logR": 0.2688401077231621
      },
      "CYCLOSPORINE": {
        "total": 52,
        "f": 27,
        "m": 25,
        "pct_f": 51.92307692307693,
        "mean_logR": 0.06578473979012324
      },
      "HYDROXYCHLOROQUINE": {
        "total": 376,
        "f": 195,
        "m": 181,
        "pct_f": 51.86170212765957,
        "mean_logR": 0.14605736560519703
      },
      "LEFLUNOMIDE": {
        "total": 370,
        "f": 155,
        "m": 215,
        "pct_f": 41.891891891891895,
        "mean_logR": -0.22280303666099394
      },
      "METHOTREXATE": {
        "total": 892,
        "f": 433,
        "m": 459,
        "pct_f": 48.54260089686099,
        "mean_logR": 0.08145730764202759
      },
      "MYCOPHENOLATE MOFETIL": {
        "total": 277,
        "f": 225,
        "m": 52,
        "pct_f": 81.2274368231047,
        "mean_logR": 0.5796512826819347
      },
      "SULFASALAZINE": {
        "total": 318,
        "f": 148,
        "m": 170,
        "pct_f": 46.540880503144656,
        "mean_logR": -0.1928657003284668
      },
      "TACROLIMUS": {
        "total": 572,
        "f": 434,
        "m": 138,
        "pct_f": 75.87412587412588,
        "mean_logR": 0.4634178033999282
      }
    }
  },
  "Corticosteroids": {
    "total": 3387,
    "drugs": 8,
    "f": 2348,
    "m": 1039,
    "pct_f": 69.32388544434603,
    "mean_logR": 0.4887976075830244,
    "per_drug": {
      "BETAMETHASONE": {
        "total": 130,
        "f": 46,
        "m": 84,
        "pct_f": 35.38461538461539,
        "mean_logR": -0.42455346183797904
      },
      "BUDESONIDE": {
        "total": 259,
        "f": 117,
        "m": 142,
        "pct_f": 45.173745173745175,
        "mean_logR": -0.1379160314836032
      },
      "DEXAMETHASONE": {
        "total": 537,
        "f": 431,
        "m": 106,
        "pct_f": 80.26070763500931,
        "mean_logR": 0.5446021702398532
      },
      "HYDROCORTISONE": {
        "total": 302,
        "f": 153,
        "m": 149,
        "pct_f": 50.66225165562914,
        "mean_logR": 0.2785510695297312
      },
      "METHYLPREDNISOLONE": {
        "total": 521,
        "f": 402,
        "m": 119,
        "pct_f": 77.15930902111324,
        "mean_logR": 0.7814295449088157
      },
      "PREDNISOLONE": {
        "total": 542,
        "f": 447,
        "m": 95,
        "pct_f": 82.47232472324724,
        "mean_logR": 0.6072363474757183
      },
      "PREDNISONE": {
        "total": 926,
        "f": 650,
        "m": 276,
        "pct_f": 70.19438444924407,
        "mean_logR": 0.5556650342550514
      },
      "TRIAMCINOLONE": {
        "total": 170,
        "f": 102,
        "m": 68,
        "pct_f": 60.0,