{
  "Checkpoint_inhibitors": {
    "total": 965,
    "drugs": 8,
    "f": 720,
    "m": 245,
    "pct_f": 74.61139896373057,
    "mean_logR": 0.43812980675984203,
    "per_drug": {
      "ATEZOLIZUMAB": {
        "total": 152,
        "f": 126,
        "m": 26,
        "pct_f": 82.89473684210526,
        "mean_logR": 0.575511628417155
      },
      "AVELUMAB": {
        "total": 19,
        "f": 14,
        "m": 5,
        "pct_f": 73.68421052631578,
        "mean_logR": 0.34107398637042624
      },
      "CEMIPLIMAB": {
        "total": 4,
        "f": 3,
        "m": 1,
        "pct_f": 75.0,
        "mean_logR": 0.5698191090826876
      },
      "DURVALUMAB": {
        "total": 61,
        "f": 52,
        "m": 9,
        "pct_f": 85.24590163934425,
        "mean_logR": 0.6763297027516304
      },
      "IPILIMUMAB": {
        "total": 161,
        "f": 122,
        "m": 39,
        "pct_f": 75.77639751552795,
        "mean_logR": 0.4198854125927442
      },
      "NIVOLUMAB": {
        "total": 238,
        "f": 159,
        "m": 79,
        "pct_f": 66.80672268907563,
        "mean_logR": 0.29896401410274887
      },
      "PEMBROLIZUMAB": {
        "total": 309,
        "f": 226,
        "m": 83,
        "pct_f": 73.13915857605178,
        "mean_logR": 0.42062743331220087
      },
      "TREMELIMUMAB": {
        "total": 21,
        "f": 18,
        "m": 3,
        "pct_f": 85.71428571428571,
        "mean_logR": 0.7891827752983612
      }
    }
  },
  "Tyrosine_kinase_inhibitors": {
    "total": 1636,
    "drugs": 24,
    "f": 1100,
    "m": 536,
    "pct_f": 67.23716381418093,
    "mean_logR": 0.27198446262554143,
    "per_drug": {
      "ABEMACICLIB": {
        "total": 12,
        "f": 1,
        "m": 11,
        "pct_f": 8.333333333333332,
        "mean_logR": -1.0965433527622432
      },
      "ACALABRUTINIB": {
        "total": 31,
        "f": 27,
        "m": 4,
        "pct_f": 87.09677419354838,
        "mean_logR": 0.5230341398690544
      },
      "AXITINIB": {
        "total": 64,
        "f": 38,
        "m": 26,
        "pct_f": 59.375,
        "mean_logR": 0.1973280343953558
      },
      "BOSUTINIB": {
        "total": 34,
        "f": 18,
        "m": 16,
        "pct_f": 52.94117647058824,
        "mean_logR": 0.04536529772572984
      },
      "CABOZANTINIB": {
        "total": 112,
        "f": 75,
        "m": 37,
        "pct_f": 66.96428571428571,
        "mean_logR": 0.29698782473611873
      },
      "DASATINIB": {
        "total": 79,
        "f": 47,
        "m": 32,
        "pct_f": 59.49367088607595,
        "mean_logR": 0.1506424887687853
      },
      "ERLOTINIB": {
        "total": 83,
        "f": 61,
        "m": 22,
        "pct_f": 73.49397590361446,
        "mean_logR": 0.33532186766268535
      },
      "GEFITINIB": {
        "total": 12,
        "f": 6,
        "m": 6,
        "pct_f": 50.0,
        "mean_logR": -0.05381873561832245
      },
      "IBRUTINIB": {
        "total": 186,
        "f": 120,
        "m": 66,
        "pct_f": 64.51612903225806,
        "mean_logR": 0.24577562523983312
      },
      "IMATINIB": {
        "total": 155,
        "f": 127,
        "m": 28,
        "pct_f": 81.93548387096774,
        "mean_logR": 0.5028391923899597
      },
      "LAPATINIB": {
        "total": 7,
        "f": 2,
        "m": 5,
        "pct_f": 28.57142857142857,
        "mean_logR": -0.6939018091720557
      },
      "LENVATINIB": {
        "total": 165,
        "f": 103,
        "m": 62,
        "pct_f": 62.42424242424243,
        "mean_logR": 0.27664475633219715
      },
      "NILOTINIB": {
        "total": 132,
        "f": 103,
        "m": 29,
        "pct_f": 78.03030303030303,
        "mean_logR": 0.4285994217505924
      },
      "OSIMERTINIB": {
        "total": 53,
        "f": 38,
        "m": 15,
        "pct_f": 71.69811320754717,
        "mean_logR": 0.30910588341594164
      },
      "PALBOCICLIB": {
        "total": 38,
        "f": 18,
        "m": 20,
        "pct_f": 47.368421052631575,
        "mean_logR": -0.3364486109918021
      },
      "PAZOPANIB": {
        "total": 103,
        "f": 48,
        "m": 55,
        "pct_f": 46.601941747572816,
        "mean_logR": -0.01463034196626416
      },
      "PONATINIB": {
        "total": 68,
        "f": 57,
        "m": 11,
        "pct_f": 83.82352941176471,
        "mean_logR": 0.4969594566055503
      },
      "REGORAFENIB": {
        "total": 70,
        "f": 52,
        "m": 18,
        "pct_f": 74.28571428571429,
        "mean_logR": 0.40606963792519785
      },
      "RIBOCICLIB": {
        "total": 10,
        "f": 4,
        "m": 6,
        "pct_f": 40.0,
        "mean_logR": -0.6355971154662525
      },
      "SORAFENIB": {
        "total": 76,
        "f": 61,
        "m": 15,
        "pct_f": 80.26315789473685,
        "mean_logR": 0.5606114481809549
      },
      "SUNITINIB": {
        "total": 122,
        "f": 80,
        "m": 42,
        "pct_f": 65.57377049180327,
        "mean_logR": 0.2746360598822818
      },
      "TUCATINIB": {
        "total": 7,
        "f": 3,
        "m": 4,
        "pct_f": 42.857142857142854,
        "mean_logR": -0.6735341837196026
      },
      "VANDETANIB": {
        "total": 11,
        "f": 7,
        "m": 4,
        "pct_f": 63.63636363636363,
        "mean_logR": 0.29512167956097257
      },
      "ZANUBRUTINIB": {
        "total": 6,
        "f": 4,
        "m": 2,
        "pct_f": 66.66666666666666,
        "mean_logR": 0.2958923089131142
      }
    }
  },
  "Anti_HER2": {
    "total": 191,
    "drugs": 4,
    "f": 40,
    "m": 151,
    "pct_f": 20.94240837696335,
    "mean_logR": -1.1996392136828824,
    "per_drug": {
      "PERTUZUMAB": {
        "total": 53,
        "f": 4,
        "m": 49,
        "pct_f": 7.547169811320755,
        "mean_logR": -2.0129340262174433
      },
      "TRASTUZUMAB": {
        "total": 101,
        "f": 31,
        "m": 70,
        "pct_f": 30.693069306930692,
        "mean_logR": -0.8069315928496759
      },
      "TRASTUZUMAB DERUXTECAN": {
        "total": 20,
        "f": 5,
        "m": 15,
        "pct_f": 25.0,
        "mean_logR": -0.607454397539599
      },
      "TRASTUZUMAB EMTANSINE": {
        "total": 17,
        "f": 0,
        "m": 17,
        "pct_f": 0.0,
        "mean_logR": -1.6939063291351053
      }
    }
  },
  "Hormonal_therapy": {
    "total": 103,
    "drugs": 9,
    "f": 42,
    "m": 61,
    "pct_f": 40.77669902912621,
    "mean_logR": -0.4926213715742099,
    "per_drug": {
      "ABIRATERONE": {
        "total": 2,
        "f": 2,
        "m": 0,
        "pct_f": 100.0,
        "mean_logR": 2.2556907123401118
      },
      "ANASTROZOLE": {
        "total": 15,
        "f": 4,
        "m": 11,
        "pct_f": 26.666666666666668,
        "mean_logR": -1.1520018123091167
      },
      "BICALUTAMIDE": {
        "total": 1,
        "f": 1,
        "m": 0,
        "pct_f": 100.0,
        "mean_logR": 1.336879069811736
      },
      "ENZALUTAMIDE": {
        "total": 10,
        "f": 5,
        "m": 5,
        "pct_f": 50.0,
        "mean_logR": 1.0310153279447811
      },
      "EXEMESTANE": {
        "total": 4,
        "f": 0,
        "m": 4,
        "pct_f": 0.0,
        "mean_logR": -2.609135473684101
      },
      "FULVESTRANT": {
        "total": 6,
        "f": 2,
        "m": 4,
        "pct_f": 33.33333333333333,
        "mean_logR": -0.9200106946320447
      },
      "GOSERELIN": {
        "total": 36,
        "f": 24,
        "m": 12,
        "pct_f": 66.66666666666666,
        "mean_logR": 0.3190220840214687
      },
      "LETROZOLE": {
        "total": 17,
        "f": 3,
        "m": 14,
        "pct_f": 17.647058823529413,
        "mean_logR": -1.6084215070653194
      },
      "TAMOXIFEN": {
        "total": 12,
        "f": 1,
        "m": 11,
        "pct_f": 8.333333333333332,
        "mean_logR": -1.4836176002983665
      }
    }
  },
  "Alkylating_agents": {
    "total": 1712,