{
  "total_combo_signals": 5860,
  "total_single_signals": 90421,
  "unique_combos": 271,
  "combo_pct_female": 50.597269624573386,
  "single_pct_female": 53.97639928777607,
  "difference_pp": -3.379129663202683
}