{
  "ComplEx v4": {
    "MRR": 0.248387,
    "Hits@1": 0.167829,
    "Hits@10": 0.40692,
    "AMRI": 0.9902,
    "epochs": 100
  },
  "DistMult v4": {
    "MRR": 0.093157,
    "Hits@1": 0.041918,
    "Hits@10": 0.184235,
    "AMRI": 0.9906,
    "epochs": 100
  },
  "DistMult v3": {
    "MRR": 0.047619689255952835,
    "Hits@1": 0.0224779662926527,
    "Hits@10": 0.08851763464758872,
    "AMRI": 0.98070420546071,
    "epochs": 100
  }
}